asin,product_title,product_price,product_original_price,currency,product_star_rating,product_num_ratings,product_url,product_photo,product_num_offers,product_minimum_offer_price,is_best_seller,is_amazon_choice,is_prime,climate_pledge_friendly,sales_volume,delivery,has_variations,product_badge,product_availability,coupon_text,book_format,book_formats
B0GQB1LPTR,"HP OmniBook 3 17.3 inch Laptop PC, FHD Display, AMD Ryzen 3 30, 8 GB RAM, 512 GB SSD, AMD Radeon 610M Graphics, Windows 11 Home, Mica Silver, 17-dp0199nr",$449.99,$729.99,USD,4.5,40,https://www.amazon.com/dp/B0GQB1LPTR,https://m.media-amazon.com/images/I/71qW8R8vytL._AC_UY654_QL65_.jpg,1,$449.99,False,False,False,False,5K+ bought in past month,"FREE delivery Wed, Jul 15Or fastest delivery Tomorrow, Jul 11",False,Limited time deal,,,,
B0G3YFH2NJ,HP New Everyday Laptop | 2026 Edition | Microsoft Office | AMD High Processor | 4GB RAM | 128GB SSD | Copilot AI | Long Battery Life | Windows 11,$269.99,$599.97,USD,4,167,https://www.amazon.com/dp/B0G3YFH2NJ,https://m.media-amazon.com/images/I/715Llh9-E9L._AC_UY654_QL65_.jpg,2,$229.99,False,False,False,False,1K+ bought in past month,"FREE delivery Mon, Jul 13",False,Limited time deal,,,,
B0GWFNNW3H,"Microsoft Surface Laptop (2026), 15-inch Premium Performance Laptop, Snapdragon X2 Elite Processor, Touchscreen Display, 16GB RAM, 1TB SSD Storage, Windows 11 Copilot+ PC Built for AI, Black ENERGY STAR","$2,049.99","$2,199.99",USD,,0,https://www.amazon.com/dp/B0GWFNNW3H,https://m.media-amazon.com/images/I/61bzXB4b04L._AC_UY654_QL65_.jpg,1,"$2,049.99",False,False,False,True,New on Amazon in past month,"FREE delivery Wed, Jul 15Or fastest delivery Tomorrow, Jul 11",True,,,,,
B09S3HNMHF,"Samsung 14&quot; Galaxy Chromebook Go Laptop PC Computer, Intel Celeron N4500 Processor, 4GB RAM, 64GB Storage, ChromeOS, XE340XDA-KA2US, Student Laptop, Silver",$179.99,$190.99,USD,4.3,634,https://www.amazon.com/dp/B09S3HNMHF,https://m.media-amazon.com/images/I/51Lko54--JL._AC_UY654_QL65_.jpg,16,$158.39,False,False,False,False,6K+ bought in past month,"FREE delivery Thu, Jul 16Or fastest delivery Tomorrow, Jul 11",False,,,,,
B0GRVFY42Q,"HP 15.6&quot; FHD Laptop 2026 Edition with Copilot AI, 8GB RAM, 256GB SSD, Intel Processor, Long Battery Life, Lightweight 3.64 lbs, Microsoft 365, Windows 11 for Students &amp; Office",$429.99,$799.00,USD,4.2,490,https://www.amazon.com/dp/B0GRVFY42Q,https://m.media-amazon.com/images/I/71agXAvSukL._AC_UY654_QL65_.jpg,1,$429.99,False,False,False,False,1K+ bought in past month,"FREE delivery Fri, Jul 17Or fastest delivery Tomorrow, Jul 11",False,Limited time deal,,,,
B0H4QY6WHB,HP 15.6&quot; Ultrabook Laptop with Copilot AI • 2026 Edition • 16GB RAM • 1TB SSD • Intel Processor • Windows 11 • Thin &amp; Portable • 11 Hour Battery,$599.99,"$1,019.00",USD,4.2,76,https://www.amazon.com/dp/B0H4QY6WHB,https://m.media-amazon.com/images/I/71DZBg2x1zL._AC_UY654_QL65_.jpg,1,$599.99,False,False,False,False,,"FREE delivery Tomorrow, Jul 11",False,Limited time deal,,,,
B0H2Y4JVRZ,"HP Stream 14&quot; HD Laptop with AI Copilot for Student &amp; Business, Intel Processor N150, 4GB RAM, 1.12TB Storage (128GB UFS + 1TB Docking Station), 1 Year Office 365, Wi-Fi 6, Win 11, Lavender Purple",$299.00,$499.00,USD,4.7,8,https://www.amazon.com/dp/B0H2Y4JVRZ,https://m.media-amazon.com/images/I/81x1yX5pY3L._AC_UY654_QL65_.jpg,1,$299.00,False,False,False,False,,"FREE delivery Tomorrow, Jul 11",True,Ends in,,,,
B0GR6FHGXX,"Apple 2026 MacBook Neo 13-inch Laptop with A18 Pro chip: Built for AI and Apple Intelligence, Liquid Retina Display, 8GB Unified Memory, 256GB SSD Storage, 1080p FaceTime HD Camera; Indigo",$699.00,,USD,4.7,858,https://www.amazon.com/dp/B0GR6FHGXX,https://m.media-amazon.com/images/I/619PNoEsnSL._AC_UY654_QL65_.jpg,1,$699.00,False,False,False,False,5K+ bought in past month,"FREE delivery Wed, Jul 15Or fastest delivery Tomorrow, Jul 11",True,,,,,
B0GZZ6FNYD,Lenovo Business Laptop with Copilot AI • 2026 Edition • Intel 13th Gen i5-13420H • 16GB DDR5 • 512GB SSD • 16&quot; FHD+ • Microsoft 365 • WiFi 6 • Windows 11,$664.98,"$1,129.00",USD,4.4,36,https://www.amazon.com/dp/B0GZZ6FNYD,https://m.media-amazon.com/images/I/71-DAgUbvHL._AC_UY654_QL65_.jpg,1,$664.98,False,False,False,False,500+ bought in past month,"FREE delivery Jul 15 - 17Or fastest delivery Tomorrow, Jul 11",False,Limited time deal,,,,
B0GQB5Q1TJ,"HP OmniBook 3 14 inch Next Gen AI PC, 2K Display, Snapdragon X X1-26-100, 16 GB RAM, 512 GB SSD, Qualcomm Adreno GPU, Windows 11 Home, Glacier Silver, 14-hz0099nr",$549.99,,USD,4.6,20,https://www.amazon.com/dp/B0GQB5Q1TJ,https://m.media-amazon.com/images/I/71CktRiEIhL._AC_UY654_QL65_.jpg,1,$549.99,False,False,False,False,1K+ bought in past month,"FREE delivery Wed, Jul 15Or fastest delivery Tomorrow, Jul 11",False,,,,,
B0H3VY5X6F,"HP 17-inch Touchscreen AI Laptop – Intel 12-Core Ultra 7 255U (UP to 5.2GHz) with 12 Tops NPU, 32GB DDR5, 1TB SSD, 17.3&quot; HD+ Touch Display, Fingerprint Reader, Backlit KB, Win 11 Pro/Accessories","$1,299.99","$2,499.99",USD,5,7,https://www.amazon.com/dp/B0H3VY5X6F,https://m.media-amazon.com/images/I/71ZAx1cewXL._AC_UY654_QL65_.jpg,1,"$1,299.99",False,False,False,False,200+ bought in past month,"FREE delivery Tomorrow, Jul 11",False,Ends in,,,,
B0GR1493ZV,"Apple 2026 MacBook Air 13-inch Laptop with M5 chip: Built for AI, 13.6-inch Liquid Retina Display, 16GB Unified Memory, 512GB SSD, 12MP Center Stage Camera, Touch ID, Wi-Fi 7; Sky Blue","$1,299.00",,USD,4.8,731,https://www.amazon.com/dp/B0GR1493ZV,https://m.media-amazon.com/images/I/71igu9e9hFL._AC_UY654_QL65_.jpg,3,"$1,026.21",False,False,False,False,7K+ bought in past month,"FREE delivery Wed, Jul 15Or fastest delivery Today 5 PM - 10 PM",False,,,,,
B0F195W823,Acer Nitro V 16S AI Gaming Laptop | AMD Ryzen 7 260 Processor | NVIDIA GeForce RTX 5060 Laptop GPU (572 AI Tops) | 16&quot; WUXGA IPS 180Hz Display | 32GB DDR5 | 1TB Gen 4 SSD | Wi-Fi 6 | ANV16S-41-R2AJ,"$1,341.00",,USD,4.4,229,https://www.amazon.com/dp/B0F195W823,https://m.media-amazon.com/images/I/71HHF2jUnpL._AC_UY654_QL65_.jpg,1,"$1,341.00",False,False,False,False,4K+ bought in past month,"$18.41 delivery Tue, Jul 14Or fastest delivery Tomorrow, Jul 11Only 1 left in stock - order soon.",False,,Only 1 left in stock - order soon.,,,
B0F53SQRH4,"Dell Latitude 5420 14&quot; FHD Business Laptop Computer, Intel Quad-Core i5-1145G7, 16GB DDR4 RAM, 256GB SSD, Camera, HDMI, Windows 11 Pro (Renewed)",$289.99,,USD,4,304,https://www.amazon.com/dp/B0F53SQRH4,https://m.media-amazon.com/images/I/616jxxM4VLL._AC_UY654_QL65_.jpg,18,$229.00,False,False,False,False,1K+ bought in past month,"FREE delivery Tomorrow, Jul 11Only 14 left in stock - order soon.",False,,Only 14 left in stock - order soon.,,,
B0GMC2P6RB,HP 17.3 Inch Business Laptop Computer • 2026 Edition • Latest AMD Ryzen 5 CPU • 16GB RAM • 512GB SSD • Long Battery Life • Large Screen • Numeric Keypad • Windows 11 with Office 365 for The Web,$619.99,,USD,4.5,19,https://www.amazon.com/dp/B0GMC2P6RB,https://m.media-amazon.com/images/I/71AqNqyPEAL._AC_UY654_QL65_.jpg,2,$421.83,False,False,False,False,500+ bought in past month,"FREE delivery Tomorrow, Jul 11",False,,,,,
B0FN9JLD28,Acer Aspire Go 15 AI Ready Laptop | 15.6&quot; FHD IPS Display | AMD Ryzen 3 7320U | AMD Radeon 610M Graphics | 8GB LPDDR5 | 128GB PCIe SSD | Wi-Fi 6 | Windows 11 Home in S Mode | AG15-21P-R5YG ENERGY STAR,$419.99,,USD,4.4,116,https://www.amazon.com/dp/B0FN9JLD28,https://m.media-amazon.com/images/I/71KdVuqcf+L._AC_UY654_QL65_.jpg,4,$349.99,False,False,False,True,3K+ bought in past month,"FREE delivery Jul 15 - 16Or fastest delivery Tomorrow, Jul 11",False,,,,,
B0CS8WVRLQ,"JBL Tune 720BT - Wireless Over-Ear Headphones with JBL Pure Bass Sound, Bluetooth 5.3, Up to 76H Battery Life and Speed Charge, Lightweight, Comfortable and Foldable Design (Blue)",$49.95,$89.95,USD,4.6,14404,https://www.amazon.com/dp/B0CS8WVRLQ,https://m.media-amazon.com/images/I/61XvTTfpJpL._AC_UY654_QL65_.jpg,8,$49.12,False,False,False,False,7K+ bought in past month,"FREE delivery Wed, Jul 15Or fastest delivery Today 10 AM - 3 PM",True,,,,,
B08WM3LMJF,"JBL Tune 510BT - Bluetooth headphones with up to 40 hours battery, microphone for call, foldable and comfortable, Android and iOs compatible (Black)",$29.95,$49.95,USD,4.5,92470,https://www.amazon.com/dp/B08WM3LMJF,https://m.media-amazon.com/images/I/61kFL7ywsZS._AC_UY654_QL65_.jpg,2,$27.55,False,False,False,False,10K+ bought in past month,"FREE delivery Wed, Jul 15 on $35 of items shipped by AmazonOr fastest delivery Sun, Jul 12",True,,,,,
B0H49C7Q43,"Boytond Ultra Open Ear Earbuds - Comfortable Clip-On Bone Conduction Earbuds, Over-The-Ear Open Headphones with Waterproof Build for Running, Gym Workouts, and Outdoor Sports, Obsidian Black Global Recycled Standard",$39.98,$198.98,USD,4.2,539,https://www.amazon.com/dp/B0H49C7Q43,https://m.media-amazon.com/images/I/614sBox4Q6L._AC_UY654_QL65_.jpg,5,$37.42,False,False,False,True,,"FREE delivery Wed, Jul 15Or fastest delivery Tomorrow, Jul 11",False,Ends in,,You pay $19.99 with coupon,,
B0FQFB8FMG,"Apple AirPods Pro 3 Wireless Earbuds, Active Noise Cancellation, Live Translation, Heart Rate Sensing, Hearing Aid Feature, Bluetooth Headphones, Spatial Audio, High-Fidelity Sound, USB-C Charging",$219.00,$249.00,USD,4.5,11527,https://www.amazon.com/dp/B0FQFB8FMG,https://m.media-amazon.com/images/I/61solmQSSlL._AC_UY654_QL65_.jpg,7,$173.01,False,False,False,False,10K+ bought in past month,"FREE delivery Wed, Jul 15Or fastest delivery Today 10 AM - 3 PM",False,,,,,
B0DCH8VDXF,"Apple EarPods Headphones with USB-C Plug, Wired Ear Buds with Built-in Remote to Control Music, Phone Calls, and Volume",$19.00,,USD,4.6,15157,https://www.amazon.com/dp/B0DCH8VDXF,https://m.media-amazon.com/images/I/513OSdW4elL._AC_UY654_QL65_.jpg,4,$16.53,False,False,False,False,10K+ bought in past month,"FREE delivery Wed, Jul 15 on $35 of items shipped by AmazonOr fastest delivery Today 10 AM - 3 PM",False,,,,,
B0GLPSLS14,"Hybrid Active Noise Cancelling Bluetooth Headphones, Over Ear Wireless Headphones with 120H Playtime, Hi-Res Audio, Deep Bass, Memory Foam Ear Cups for Home Office Travel",$29.99,$259.99,USD,4.7,232,https://www.amazon.com/dp/B0GLPSLS14,https://m.media-amazon.com/images/I/61eknVF1fvL._AC_UY654_QL65_.jpg,1,$29.99,False,False,True,False,,"FREE delivery Wed, Jul 15 on $35 of items shipped by AmazonOr fastest delivery Sun, Jul 12",False,,,,,
B0FRJ68VJP,"Koss A/550 Open-Back Over Ear Audiophile Reference Studio Headphones, Detachable Mini-XLR to 3.5mm Braided Cord, D-Profile, Magnetic Ear Cups, Stainless Steel Headband, Vegan Leather Head Sling, White",$349.99,,USD,4.8,5,https://www.amazon.com/dp/B0FRJ68VJP,https://m.media-amazon.com/images/I/71Y9YzjIUbL._AC_UY654_QL65_.jpg,1,$349.99,False,False,False,True,New on Amazon in past month,"FREE delivery Mon, Jul 20",False,,,,,
B0CZPLV566,"Beats Solo 4 - Wireless On-Ear Bluetooth Headphones, Up to 50-Hour Battery Life, Ultra-Lightweight Comfort, Powerful and Balanced Sound, Apple &amp; Android Compatible - Matte Black",$149.95,$199.95,USD,4.6,27412,https://www.amazon.com/dp/B0CZPLV566,https://m.media-amazon.com/images/I/515FE+S4yLL._AC_UY654_QL65_.jpg,7,$103.41,False,False,False,False,10K+ bought in past month,"FREE delivery Wed, Jul 15Or fastest delivery Today 10 AM - 3 PM",True,,,,,
B0DGJ7HYG1,"Apple AirPods 4 Wireless Earbuds, Bluetooth Headphones, with Active Noise Cancellation, Adaptive, Transparency Mode, Personalized Spatial Audio, USB-C Charging Case, Wireless Charging, H2 Chip",$148.99,$179.00,USD,4.6,22105,https://www.amazon.com/dp/B0DGJ7HYG1,https://m.media-amazon.com/images/I/61iBtxCUabL._AC_UY654_QL65_.jpg,7,$120.68,False,False,False,False,10K+ bought in past month,"FREE delivery Wed, Jul 15Or fastest delivery Tomorrow, Jul 11",False,,,,,
B0CCZ26B5V,"Bose QuietComfort Headphones - Wireless Bluetooth Headphones, Active Over Ear Noise Cancelling and Mic, USB-C Charging, Deep Bass, Up to 24 Hours of Playtime, Black",$229.00,$359.00,USD,4.5,20715,https://www.amazon.com/dp/B0CCZ26B5V,https://m.media-amazon.com/images/I/51f7KKP25PL._AC_UY654_QL65_.jpg,7,$179.00,False,False,False,False,10K+ bought in past month,"FREE delivery Wed, Jul 15Or fastest delivery Today 10 AM - 3 PM",True,,,,,
B0CZPGX972,"Beats Solo 4 - Wireless On-Ear Bluetooth Headphones, Up to 50-Hour Battery Life, Ultra-Lightweight Comfort, Powerful and Balanced Sound, Apple &amp; Android Compatible - Cloud Pink",$149.95,$199.95,USD,4.6,27412,https://www.amazon.com/dp/B0CZPGX972,https://m.media-amazon.com/images/I/51JNqP2C4rL._AC_UY654_QL65_.jpg,7,$128.79,False,False,False,False,10K+ bought in past month,"FREE delivery Wed, Jul 15Or fastest delivery Today 10 AM - 3 PM",True,,,,,
B0F4884LN3,"Soundcore by Anker Q20i Hybrid Active Noise Cancelling Headphones, Wireless Over-Ear Bluetooth, 40H Long ANC Playtime, Hi-Res Audio, Big Bass, Customize via an App, Transparency Mode (Pink)",$46.99,$69.99,USD,4.6,68303,https://www.amazon.com/dp/B0F4884LN3,https://m.media-amazon.com/images/I/613wL6XbeBL._AC_UY654_QL65_.jpg,1,$46.99,False,False,False,False,6K+ bought in past month,"FREE delivery Wed, Jul 15Or fastest delivery Today 10 AM - 3 PM",True,,,,,
B0CCZC9J1V,"Bose QuietComfort Headphones - Wireless Bluetooth Headphones, Active Over Ear Noise Cancelling and Mic, USB-C Charging, Deep Bass, Up to 24 Hours of Playtime, White Smoke",$229.00,$359.00,USD,4.5,20715,https://www.amazon.com/dp/B0CCZC9J1V,https://m.media-amazon.com/images/I/51K77J9rCjL._AC_UY654_QL65_.jpg,8,$199.95,False,False,False,False,6K+ bought in past month,"FREE delivery Wed, Jul 15Or fastest delivery Today 5 PM - 10 PM",True,,,,,
B01N6ZJH96,OneOdio Wired Over Ear Headphones Hi-Res Studio Monitor &amp; Mixing DJ Stereo Headsets with 50mm Drivers and 1/4 to 3.5mm Jack for AMP Computer Recording Podcast Keyboard Guitar Laptop - Black,$31.99,,USD,4.4,76825,https://www.amazon.com/dp/B01N6ZJH96,https://m.media-amazon.com/images/I/810x8VKZbyL._AC_UY654_QL65_.jpg,4,$25.78,False,False,False,False,8K+ bought in past month,"FREE delivery Wed, Jul 15 on $35 of items shipped by AmazonOr fastest delivery Today 10 AM - 3 PM",True,,,You pay $28.47 with coupon,,
B0BS1PRC4L,"Sony WH-CH520 Wireless Headphones Bluetooth On-Ear Headset with Microphone and up to 50 Hours Battery Life with Quick Charging, Black",,,,4.5,33522,https://www.amazon.com/dp/B0BS1PRC4L,https://m.media-amazon.com/images/I/41lArSiD5hL._AC_UY654_QL65_.jpg,1,,False,False,False,False,10K+ bought in past month,"FREE delivery Tue, Jul 14",True,,,,Click to see price,"[{'asin': 'B0BS1PRC4L', 'format': 'Another way to buy'}, {'asin': 'B0BS1PRC4L', 'format': 'Click to see price FREE delivery Wed Jul 15Or fastest delivery Today 10 AM - 3 PM'}]"
B00NJ2M43M,"Sony ZX Series Wired On-Ear Headphones, White MDR-ZX110",$9.99,$24.99,USD,4.5,96436,https://www.amazon.com/dp/B00NJ2M43M,https://m.media-amazon.com/images/I/41gNMpuXoqS._AC_UY654_QL65_.jpg,4,$7.99,False,False,False,False,7K+ bought in past month,"FREE delivery Wed, Jul 15 on $35 of items shipped by AmazonOr fastest delivery Today 10 AM - 3 PM",True,,,,,
B0G4SW3XXP,"Samsung Galaxy S26 Ultra, Unlocked Android Smartphone, 512GB, Privacy Display, Galaxy AI, AI Camera, Super Fast Charging 3.0, Durable Battery, 2026, US 1 Year Warranty, Black | 1 Year Warranty","$1,249.99","$1,499.99",USD,4.7,1332,https://www.amazon.com/dp/B0G4SW3XXP,https://m.media-amazon.com/images/I/61UnzIc+97L._AC_UY654_QL65_.jpg,5,"$1,227.96",False,False,False,False,3K+ bought in past month,"FREE delivery Wed, Jul 15Or fastest delivery Tomorrow, Jul 11",True,,,,,
B0G4SWDH8P,"Samsung Galaxy S26 Ultra, Unlocked Android Smartphone, 256GB, Privacy Display, Galaxy AI, AI Camera, Super Fast Charging 3.0, Durable Battery, 2026, US 1 Year Warranty, Black","$1,030.00","$1,299.99",USD,4.7,1332,https://www.amazon.com/dp/B0G4SWDH8P,https://m.media-amazon.com/images/I/61PnYmF7ZtL._AC_UY654_QL65_.jpg,1,"$1,030.00",False,False,False,False,3K+ bought in past month,"FREE delivery Wed, Jul 15Or fastest delivery Tomorrow, Jul 11",True,Limited time deal,,,,
B0CP6DDN1H,Motorola Moto G Play LTE | Unlocked | Made for US 4/64GB | 50MP Camera | Sapphire Blue,$99.99,$149.99,USD,4.3,1817,https://www.amazon.com/dp/B0CP6DDN1H,https://m.media-amazon.com/images/I/61xk4XNRktL._AC_UY654_QL65_.jpg,9,$75.00,False,False,False,False,3K+ bought in past month,"FREE delivery Thu, Jul 16Or fastest delivery Tue, Jul 14",True,Limited time deal,,,,
B0DNRK51QQ,Moto G - 2025 | Unlocked | Made for US 4/128GB | 50MP Camera | Forest Gray,$169.99,,USD,4.3,1250,https://www.amazon.com/dp/B0DNRK51QQ,https://m.media-amazon.com/images/I/8160OiLlJEL._AC_UY654_QL65_.jpg,10,$102.26,False,False,False,False,2K+ bought in past month,"FREE delivery Wed, Jul 15Or fastest delivery Tomorrow, Jul 11",True,,,,,
B0FXY18C1J,"Samsung Galaxy A17 5G Smart Phone, 128GB, Large AMOLED, High-Res Camera, Durable Design, Super Fast Charging, Expandable Storage, Circle to Search, 2025, US 1 Yr Manufacturer Warranty, Black",$199.99,,USD,4,1314,https://www.amazon.com/dp/B0FXY18C1J,https://m.media-amazon.com/images/I/71Ss7HzbhUL._AC_UY654_QL65_.jpg,2,$144.84,False,False,False,False,7K+ bought in past month,"FREE delivery Wed, Jul 15Or fastest delivery Today 10 AM - 3 PM",True,,,,,
B0FXY1DZ78,"Samsung Galaxy A17 5G Smart Phone, 128GB, Large AMOLED, High-Res Camera, Durable Design, Super Fast Charging, Expandable Storage, Circle to Search, 2025, US 1 Yr Manufacturer Warranty, Blue",$199.99,,USD,4,1314,https://www.amazon.com/dp/B0FXY1DZ78,https://m.media-amazon.com/images/I/710u7UnAyWL._AC_UY654_QL65_.jpg,2,$159.33,False,False,False,False,6K+ bought in past month,"FREE delivery Wed, Jul 15Or fastest delivery Today 5 PM - 10 PM",True,,,,,
B0GHRHXVN1,"Google Pixel 10a - 30+ Hours Battery, Camera Coach, Gemini - Obsidian 128GB ECOLOGO",$499.00,,USD,4.5,487,https://www.amazon.com/dp/B0GHRHXVN1,https://m.media-amazon.com/images/I/61-Uqovhk0L._AC_UY654_QL65_.jpg,6,$446.40,False,False,False,True,2K+ bought in past month,"FREE delivery Wed, Jul 15Or fastest delivery Today 10 AM - 3 PM",True,,,,,
B0DM1RCBHR,SAMSUNG Galaxy A16 4G LTE (128GB + 4GB) International Model SM-A165/DS - Factory Unlocked (NOT FOR SPECTRUM/CRICKET/XFINITY/VISIBLE) - Light Green + CASE,$140.93,,USD,4.4,4882,https://www.amazon.com/dp/B0DM1RCBHR,https://m.media-amazon.com/images/I/61cmlEY2jsL._AC_UY654_QL65_.jpg,7,$133.80,False,False,False,False,1K+ bought in past month,"FREE delivery Wed, Jul 15Or fastest delivery Tomorrow, Jul 11",True,,,,,
B0FTG1LVZR,"Tracfone Motorola Moto G 2025, 64GB, Saphire Blue - 6.6&quot; 120Hz Display, 5G Prepaid Smartphone, 50MP Quad Pixel Camera, Long-Lasting Battery (Locked to Tracfone)",$49.88,,USD,4.6,192,https://www.amazon.com/dp/B0FTG1LVZR,https://m.media-amazon.com/images/I/81RYmvqhYrL._AC_UY654_QL65_.jpg,1,$49.88,False,False,False,False,1K+ bought in past month,"FREE delivery Wed, Jul 15Or fastest delivery Sun, Jul 12",False,,,,,
B0FNS5XW5W,Motorola Moto G Stylus 5G | 2024 | Unlocked | Made for US 8/128GB | 50MP Camera | Caramel Latte,$169.99,$179.99,USD,4.4,3135,https://www.amazon.com/dp/B0FNS5XW5W,https://m.media-amazon.com/images/I/61LE9-6KxdL._AC_UY654_QL65_.jpg,2,$144.49,False,False,False,False,1K+ bought in past month,"FREE delivery Wed, Jul 15Or fastest delivery Tomorrow, Jul 11",True,,,,,
B0DPGBSKR2,"Samsung Galaxy S25+ Cell Phone, 256GB Smartphone, Unlocked Android, AI Night Mode Camera, Snapdragon 8 Elite Fast Processor, ProScaler Display, 4900mAh Battery, 2025, US 1 Yr Warranty, Navy EPEAT ECOLOGO",$739.99,$999.99,USD,4.6,5062,https://www.amazon.com/dp/B0DPGBSKR2,https://m.media-amazon.com/images/I/61YvMOsT47L._AC_UY654_QL65_.jpg,3,$679.99,False,False,False,True,2K+ bought in past month,"FREE delivery Jul 13 - 14Or fastest delivery Tomorrow, Jul 11",True,,,,,
B0F2GQTBQF,Motorola Edge 2025 | Unlocked | Made for US 8/256GB | 50MP Camera | Pantone Deep Forest,$397.67,$472.72,USD,4.3,818,https://www.amazon.com/dp/B0F2GQTBQF,https://m.media-amazon.com/images/I/61TE0qpbLQL._AC_UY654_QL65_.jpg,8,$343.16,False,False,False,False,400+ bought in past month,"FREE delivery Wed, Jul 15Or fastest delivery Tomorrow, Jul 11",True,,,,,
B0DNRGQRB4,"Samsung Galaxy A16 4G Dual SIM (128GB, 2025) 6.7&quot; 90Hz AMOLED, Splash Resistant, 8Core, 50MP Camera (Factory Unlocked International Model for GSM, Global) A165M/DS (25W Fast Charger Bundle, Grey)",$136.00,,USD,4.3,2862,https://www.amazon.com/dp/B0DNRGQRB4,https://m.media-amazon.com/images/I/51KDdahh9DL._AC_UY654_QL65_.jpg,14,$135.99,False,False,False,False,500+ bought in past month,"FREE delivery Wed, Jul 15Or fastest delivery Tomorrow, Jul 11",True,,,,,"[{'asin': 'B0DNRGQRB4', 'format': 'Another way to buy'}, {'asin': 'B0DNRGQRB4', 'format': 'Price product page$138.00$138.00 FREE delivery Wed, Jul 15Or fastest delivery Today 5 PM - 10 PM'}]"
B0GMKP1WDM,"Samsung Galaxy A37 5G (2026), Unlocked Android Smartphone, 256GB, AMOLED Display, Triple Camera, IP68, Slim Phone, 5000mAh Battery, US Version, US 1 Yr Warranty, Awesome Charcoal",$464.99,$539.99,USD,4.5,162,https://www.amazon.com/dp/B0GMKP1WDM,https://m.media-amazon.com/images/I/5172k5P8aOL._AC_UY654_QL65_.jpg,1,$464.99,False,False,False,False,1K+ bought in past month,"FREE delivery Thu, Jul 16",True,,,,,
B0F7K3TVTP,"Samsung Galaxy Z Flip7 FE Cell Phone, 256GB AI Smartphone, Unlocked Android, Long Battery Life, 2025, US 1 Yr Manufacturer Warranty, Black",$599.04,$999.99,USD,4.4,203,https://www.amazon.com/dp/B0F7K3TVTP,https://m.media-amazon.com/images/I/61BxDsfgT0L._AC_UY654_QL65_.jpg,1,$599.04,False,False,False,False,500+ bought in past month,"FREE delivery Wed, Jul 15Or fastest delivery Tomorrow, Jul 11",True,,,,,
B0G51J4B72,"Simple Mobile TCL 50 LE Prepaid Smartphone 64GB, Android 14, 4000mAh Battery, 6.6” HD+ Display | Affordable 4G LTE Prepaid Cell Phone by ALCATEL | Prepaid Activation",$59.99,,USD,,0,https://www.amazon.com/dp/B0G51J4B72,https://m.media-amazon.com/images/I/711OhGirqnL._AC_UY654_QL65_.jpg,1,$59.99,False,False,False,False,,"FREE delivery Wed, Jul 15Or fastest delivery Today 5 PM - 10 PM",False,,,,,
B0CKM9NRVK,adidas Men&#x27;s Lite Racer Adapt 7.0 Running Shoes,$41.95,$70.00,USD,4.5,7706,https://www.amazon.com/dp/B0CKM9NRVK,https://m.media-amazon.com/images/I/71DRTGuiksL._AC_UL960_QL65_.jpg,1,$41.95,False,False,False,False,2K+ bought in past month,"FREE delivery Wed, Jul 15Or fastest delivery Today 5 PM - 10 PM",True,,,,,
B07ZLM669B,Bruno Marc Men&#x27;s KnitFlex Breeze Mesh Sneakers Oxfords Lace-Up Lightweight Casual Walking Shoes,$40.99,$52.99,USD,4.7,14754,https://www.amazon.com/dp/B07ZLM669B,https://m.media-amazon.com/images/I/711lA5rk08L._AC_UL960_QL65_.jpg,1,$40.99,False,False,False,False,900+ bought in past month,"FREE delivery Wed, Jul 15Or fastest delivery Today 5 PM - 10 PM",True,,,,,
B07B3VM8D2,New Balance Men&#x27;s 608 V5 Casual Comfort Cross Trainer,$59.99,$79.99,USD,4.6,90657,https://www.amazon.com/dp/B07B3VM8D2,https://m.media-amazon.com/images/I/61p6oqRqYQL._AC_UL960_QL65_.jpg,1,$59.99,False,False,False,False,500+ bought in past month,"FREE delivery Wed, Jul 15Or fastest delivery Today 5 PM - 10 PM",True,,,,,
B0BZXBDSP2,Under Armour Men&#x27;s Charged Surge 4 Sneaker,$49.99,$65.00,USD,4.6,14589,https://www.amazon.com/dp/B0BZXBDSP2,https://m.media-amazon.com/images/I/51wnMZWbCWL._AC_UL960_QL65_.jpg,1,$49.99,False,False,False,False,,"FREE delivery Wed, Jul 15Or fastest delivery Today 5 PM - 10 PM",True,,,,,
B0BHQ1XXFF,adidas Mens Swift Run 1.0 Lace Up Sneakers Shoes Casual - Beige,$56.00,,USD,4.2,3483,https://www.amazon.com/dp/B0BHQ1XXFF,https://m.media-amazon.com/images/I/71ozLnN9+gL._AC_UL960_QL65_.jpg,1,$56.00,False,False,False,False,,"FREE delivery Wed, Jul 15Or fastest delivery Today 5 PM - 10 PM",True,,,,,
B0BW8MDTGY,SERNIAL Womens White Tennis Shoes PU Leather Sneakers Casual Walking Shoes for Women,$23.39,$25.99,USD,4.3,6311,https://www.amazon.com/dp/B0BW8MDTGY,https://m.media-amazon.com/images/I/61oa+rlwTiL._AC_UL960_QL65_.jpg,1,$23.39,False,False,False,False,2K+ bought in past month,"FREE delivery Wed, Jul 15 on $35 of items shipped by AmazonOr fastest delivery Today 5 PM - 10 PM",False,Save 10%,,,,
B0CWH47GCJ,"ELETON Barefoot Shoes Women Men Footwear, Wide Toe Box Hiking Zero Drop Non-Slip Quick-Dry River Boat Pool Beach Water Shoes, Lightweight Swimming Running Walking Sneakers Unisex",$20.21,$22.99,USD,4.3,6599,https://www.amazon.com/dp/B0CWH47GCJ,https://m.media-amazon.com/images/I/61gAMeC8YwL._AC_UL960_QL65_.jpg,1,$20.21,False,False,False,False,,"FREE delivery Wed, Jul 15 on $35 of items shipped by AmazonOr fastest delivery Tomorrow, Jul 11",True,Limited time deal,,,,
B0CKMC8PP8,adidas Men&#x27;s Daily 4.0 Shoe,$53.00,$65.00,USD,4.6,7063,https://www.amazon.com/dp/B0CKMC8PP8,https://m.media-amazon.com/images/I/71u50igMLDL._AC_UL960_QL65_.jpg,1,$53.00,False,False,False,False,200+ bought in past month,"FREE delivery Wed, Jul 15Or fastest delivery Tomorrow, Jul 11",True,,,,,
B0BZXRVJLJ,Under Armour Men&#x27;s Charged Surge 4 Sneaker,$49.95,,USD,4.6,14589,https://www.amazon.com/dp/B0BZXRVJLJ,https://m.media-amazon.com/images/I/61OAh281n3L._AC_UL960_QL65_.jpg,1,$49.95,False,False,False,False,1K+ bought in past month,"FREE delivery Wed, Jul 15Or fastest delivery Today 5 PM - 10 PM",True,,,,,
B0FK5HQG63,Running Shoes for Men Women Slip on Unisex Walking Tennis Non-Slip Work Shoes Lightweight Breathable Athletic Workout Gym Sneakers Casual Fashion Sneakers,$19.79,,USD,4.2,283,https://www.amazon.com/dp/B0FK5HQG63,https://m.media-amazon.com/images/I/718pW-XIQeL._AC_UL960_QL65_.jpg,1,$19.79,False,False,False,False,200+ bought in past month,"FREE delivery Wed, Jul 15 on $35 of items shipped by AmazonOr fastest delivery Today 5 PM - 10 PM",True,,,You pay $18.40 with coupon (some sizes/colors),,
B0CKMK7YR7,adidas Unisex Adult Samba Indoor Soccer Shoe,$94.95,,USD,4.6,4141,https://www.amazon.com/dp/B0CKMK7YR7,https://m.media-amazon.com/images/I/61aDwqK+l3L._AC_UL960_QL65_.jpg,1,$94.95,False,False,False,False,600+ bought in past month,"FREE delivery Wed, Jul 15Or fastest delivery Today 10 AM - 3 PM",True,,,,,
B07B417MT5,New Balance Women&#x27;s 608 V5 Casual Comfort Cross Trainer,$58.68,$79.99,USD,4.4,44538,https://www.amazon.com/dp/B07B417MT5,https://m.media-amazon.com/images/I/613LIIH2peL._AC_UL960_QL65_.jpg,1,$58.68,False,False,False,False,500+ bought in past month,"FREE delivery Wed, Jul 15Or fastest delivery Today 5 PM - 10 PM",True,,,,,
B093QHHV2C,New Balance Women&#x27;s 574 Core Sneaker,$99.95,,USD,4.6,13198,https://www.amazon.com/dp/B093QHHV2C,https://m.media-amazon.com/images/I/61XsXKmBdEL._AC_UL960_QL65_.jpg,1,$99.95,False,False,False,False,,"FREE delivery Wed, Jul 15Or fastest delivery Today 5 PM - 10 PM",True,,,,,
B09XBVZDM6,Under Armour Men&#x27;s Charged Assert 10 Shoes,$48.75,$75.00,USD,4.6,24111,https://www.amazon.com/dp/B09XBVZDM6,https://m.media-amazon.com/images/I/61+162RpUWL._AC_UL960_QL65_.jpg,1,$48.75,False,False,False,False,100+ bought in past month,"FREE delivery Wed, Jul 15Or fastest delivery Today 5 PM - 10 PM",True,,,,,
B0BHPRRS6C,adidas Mens Swift Run 1.0 Lace Up Sneakers Shoes Casual - Beige,$62.97,,USD,4.2,3483,https://www.amazon.com/dp/B0BHPRRS6C,https://m.media-amazon.com/images/I/61r9rwQ63OL._AC_UL960_QL65_.jpg,1,$62.97,False,False,False,False,700+ bought in past month,"FREE delivery Wed, Jul 15Or fastest delivery Today 5 PM - 10 PM",True,,,,,
B0CKMC3Q2S,adidas Men&#x27;s Daily 4.0 Shoe,$56.00,$65.00,USD,4.6,7063,https://www.amazon.com/dp/B0CKMC3Q2S,https://m.media-amazon.com/images/I/71veqMQhrbL._AC_UL960_QL65_.jpg,1,$56.00,False,False,False,False,200+ bought in past month,"FREE delivery Wed, Jul 15Or fastest delivery Today 5 PM - 10 PM",True,,,,,
B0FJRYBXS2,"Barefoot Shoes Women Casual Sneakers,Wide Toe Box Shoes Women Zero Drop Barefoot Shoe Men,Minimalist Trail Running Shoe,Non-Slip Lightweight Breathable Comfortable Fashion Walking Hiking Shoes Unisex",$29.99,,USD,4.2,2478,https://www.amazon.com/dp/B0FJRYBXS2,https://m.media-amazon.com/images/I/61NYhtiimmL._AC_UL960_QL65_.jpg,1,$29.99,False,False,False,False,,"FREE delivery Wed, Jul 15 on $35 of items shipped by AmazonOr fastest delivery Today 5 PM - 10 PM",True,,,,,
B094C62WFQ,Dr.Scholl&#x27;s SHOES Women&#x27;s Time Off,$75.00,$110.00,USD,4.1,8499,https://www.amazon.com/dp/B094C62WFQ,https://m.media-amazon.com/images/I/61MubdIPbkL._AC_UL960_QL65_.jpg,1,$75.00,False,False,False,False,1K+ bought in past month,"FREE delivery Wed, Jul 15Or fastest delivery Tomorrow, Jul 11",True,,,,,
B0H2FT3P28,"CUSHIONAIRE Siesta Modern Lattice Ballet Flats for Women, Comfortable Slip On Pointed Toe Womens Jelly Shoes",$39.98,$59.99,USD,4.3,316,https://www.amazon.com/dp/B0H2FT3P28,https://m.media-amazon.com/images/I/81CfomvtP0L._AC_UL960_QL65_.jpg,1,$39.98,False,False,False,False,1K+ bought in past month,"FREE delivery Thu, Jul 16Or fastest delivery Tomorrow, Jul 11",True,Limited time deal,,,,
B0CKMDQNGN,adidas Men&#x27;s Daily 4.0 Shoe,$52.00,$65.00,USD,4.6,7063,https://www.amazon.com/dp/B0CKMDQNGN,https://m.media-amazon.com/images/I/61VzzGPTaBL._AC_UL960_QL65_.jpg,1,$52.00,False,False,False,False,1K+ bought in past month,FREE delivery Jul 21 - 30Or fastest delivery Jul 20 - 28,True,,,,,
B01IA6CIA0,"Skechers Men&#x27;s Cankton Steel Toe Construction Shoe - Electrical Hazard Rated, Memory Foam",$48.99,$89.00,USD,4.4,27569,https://www.amazon.com/dp/B01IA6CIA0,https://m.media-amazon.com/images/I/81pQJ843TDL._AC_UL960_QL65_.jpg,1,$48.99,False,False,False,False,600+ bought in past month,"FREE delivery Wed, Jul 15Or fastest delivery Tomorrow, Jul 11",True,,,,,
B0DMVK2DFN,Mens Running Shoes Slip On Tennis Walking Sneakers Workout Athletic Lightweight Casual Sport Shoes,$20.19,,USD,4.2,1166,https://www.amazon.com/dp/B0DMVK2DFN,https://m.media-amazon.com/images/I/71mCKt3iSuL._AC_UL960_QL65_.jpg,1,$20.19,False,False,False,False,800+ bought in past month,"FREE delivery Wed, Jul 15 on $35 of items shipped by AmazonOr fastest delivery Tomorrow, Jul 11",True,,,,,
B0CZ9BT8PK,LUCKY STEP Women Classic Retro Gum Sole Fashion Sneakers Casual Tennis Skate Shoe Genuine Leather Walking Footwear Anti Slip Trainers,$37.99,,USD,4.5,3713,https://www.amazon.com/dp/B0CZ9BT8PK,https://m.media-amazon.com/images/I/71rjWP64HRL._AC_UL960_QL65_.jpg,1,$37.99,False,False,False,False,400+ bought in past month,"FREE delivery Wed, Jul 15Or fastest delivery Today 5 PM - 10 PM",True,,,,,
B0DTQ5R44F,Nike Nike Men&#x27;s Court Vision Low Shoes,$63.97,$85.00,USD,4.7,1604,https://www.amazon.com/dp/B0DTQ5R44F,https://m.media-amazon.com/images/I/61FmGGwpLoL._AC_UL960_QL65_.jpg,1,$63.97,False,False,False,False,300+ bought in past month,"FREE delivery Wed, Jul 15Or fastest delivery Tomorrow, Jul 11",True,,,,,
B0CPSGQ8PX,adidas Women&#x27;s X_PLR Path Running Shoes,$49.99,$65.00,USD,4.5,2703,https://www.amazon.com/dp/B0CPSGQ8PX,https://m.media-amazon.com/images/I/71MFZKXCmcL._AC_UL960_QL65_.jpg,1,$49.99,False,False,False,False,300+ bought in past month,"FREE delivery Wed, Jul 15Or fastest delivery Tomorrow, Jul 11",True,,,,,
B09XBTZDX8,Under Armour Men&#x27;s Charged Assert 10 Shoes,$56.99,$75.00,USD,4.6,24111,https://www.amazon.com/dp/B09XBTZDX8,https://m.media-amazon.com/images/I/616eBaNwaHL._AC_UL960_QL65_.jpg,1,$56.99,False,False,False,False,,"FREE delivery Wed, Jul 15Or fastest delivery Today 5 PM - 10 PM",True,,,,,
B0CMBV4LXW,Nike Nike Men&#x27;s Air Max Excee Shoes,$100.00,,USD,4.5,7561,https://www.amazon.com/dp/B0CMBV4LXW,https://m.media-amazon.com/images/I/61fGtHE153L._AC_UL960_QL65_.jpg,1,$100.00,False,False,False,False,,"FREE delivery Wed, Jul 15Or fastest delivery Today 5 PM - 10 PM",True,,,,,
B0FX99ZDQY,"Hogent Steel Toe Shoes for Men Women, Ultra Lightweight Premium Comfortable Work Sneakers, Puncture Proof Air Cushioned All‑Day Wear Safety Toe Shoes for Industrial Construction Warehouse Factory Work",$28.99,$52.99,USD,4.1,1283,https://www.amazon.com/dp/B0FX99ZDQY,https://m.media-amazon.com/images/I/71FVorWxcvL._AC_UL960_QL65_.jpg,1,$28.99,False,False,False,False,500+ bought in past month,"FREE delivery Wed, Jul 15 on $35 of items shipped by AmazonOr fastest delivery Today 5 PM - 10 PM",True,,,You pay $24.06 with coupon (some sizes/colors),,
B09XBWYWTD,Under Armour Men&#x27;s Charged Assert 10 Shoes,$44.48,$75.00,USD,4.6,24111,https://www.amazon.com/dp/B09XBWYWTD,https://m.media-amazon.com/images/I/51n-gjOsAkL._AC_UL960_QL65_.jpg,1,$44.48,False,False,False,False,200+ bought in past month,"FREE delivery Fri, Jul 17",True,,,,,
B0BSDCVBXQ,Skechers Men&#x27;s Hands Free Slip-ins Go Walk Flex No Hands Sneaker,$69.99,,USD,4.6,9583,https://www.amazon.com/dp/B0BSDCVBXQ,https://m.media-amazon.com/images/I/51x5vY73bVL._AC_UL960_QL65_.jpg,1,$69.99,False,False,False,False,600+ bought in past month,"FREE delivery Wed, Jul 15Or fastest delivery Today 5 PM - 10 PM",True,,,,,
B0DZWGG92P,Nike Nike Men&#x27;s Run Swift 3 Road Running Shoes,$85.00,,USD,4.6,1396,https://www.amazon.com/dp/B0DZWGG92P,https://m.media-amazon.com/images/I/61J1VpFWX5L._AC_UL960_QL65_.jpg,1,$85.00,False,False,False,False,100+ bought in past month,"FREE delivery Wed, Jul 15Or fastest delivery Tomorrow, Jul 11",True,,,,,
B0DYLMDKNM,Nike Nike Men&#x27;s Flex Train Workout Shoes,$59.99,$80.00,USD,4.6,555,https://www.amazon.com/dp/B0DYLMDKNM,https://m.media-amazon.com/images/I/61TCdz34drL._AC_UL960_QL65_.jpg,1,$59.99,False,False,False,False,100+ bought in past month,"FREE delivery Wed, Jul 15Or fastest delivery Tomorrow, Jul 11",True,Save 25%,,,,
B0C76N46G8,Skechers Women&#x27;s Hands Free Slip-ins Go Walk Flex - Grand Entry Sneaker,$55.97,$64.99,USD,4.5,15947,https://www.amazon.com/dp/B0C76N46G8,https://m.media-amazon.com/images/I/71j6kSzQ6jL._AC_UL960_QL65_.jpg,1,$55.97,False,False,False,False,900+ bought in past month,FREE delivery Jul 15 - 17Or fastest delivery Jul 14 - 16,True,,,,,
B0777X27YB,Skechers Men&#x27;s Nampa Food Service Shoe,$47.52,,USD,4.4,18098,https://www.amazon.com/dp/B0777X27YB,https://m.media-amazon.com/images/I/710Td9V0whL._AC_UL960_QL65_.jpg,1,$47.52,False,False,False,False,400+ bought in past month,"FREE delivery Wed, Jul 15Or fastest delivery Tomorrow, Jul 11",False,,,,,
B071GB15RY,Skechers Women&#x27;s Go Walk Joy Slip-On Sneaker,$38.00,$40.00,USD,4.5,93086,https://www.amazon.com/dp/B071GB15RY,https://m.media-amazon.com/images/I/81t7vPwv8wL._AC_UL960_QL65_.jpg,1,$38.00,False,False,False,False,200+ bought in past month,"FREE delivery Wed, Jul 15Or fastest delivery Today 5 PM - 10 PM",True,,,,,
B09Q312NKM,Abboos Womens Slip On Sneakers Women Walking Tennis Shoes Lightweight Casual Sneakers for Gym Travel Work,$35.90,$37.99,USD,4.3,10695,https://www.amazon.com/dp/B09Q312NKM,https://m.media-amazon.com/images/I/61aarhRpqrL._AC_UL960_QL65_.jpg,1,$35.90,False,False,False,False,1K+ bought in past month,"FREE delivery Wed, Jul 15Or fastest delivery Tomorrow, Jul 11",True,,,,,
B082PH6QF1,hash bubbie Women&#x27;s Slip on Shoes Canvas Sneakers Loafers Non Slip Shoes Low Top Casual Shoes,$21.37,$23.74,USD,4.1,19327,https://www.amazon.com/dp/B082PH6QF1,https://m.media-amazon.com/images/I/71CaRnbqb0L._AC_UL960_QL65_.jpg,1,$21.37,False,False,False,False,300+ bought in past month,"FREE delivery Wed, Jul 15 on $35 of items shipped by AmazonOr fastest delivery Today 5 PM - 10 PM",True,Limited time deal,,,,
B0F3VVTV61,HARENCE Womens Sneakers Tennis Shoes: Comfortable Breathable Non Slip Casual Athletic Walking Shoes for Gym Workout,$23.99,$29.99,USD,4.3,502,https://www.amazon.com/dp/B0F3VVTV61,https://m.media-amazon.com/images/I/81Ojm7m2gpL._AC_UL960_QL65_.jpg,1,$23.99,False,False,False,False,300+ bought in past month,"FREE delivery Wed, Jul 15 on $35 of items shipped by AmazonOr fastest delivery Tomorrow, Jul 11",True,Limited time deal,,,,
B0BQR1V8F2,MIFAWA Barefoot Shoes Men Wide Toe Box Zero Drop Water Shoes Men for Gym Workout Minimalist Weightlifting Cross-Trainer Running Hike Grounded Footwear,$25.99,$30.99,USD,4.4,4631,https://www.amazon.com/dp/B0BQR1V8F2,https://m.media-amazon.com/images/I/61nFlZvU+RL._AC_UL960_QL65_.jpg,1,$25.99,False,False,False,False,700+ bought in past month,"FREE delivery Wed, Jul 15 on $35 of items shipped by AmazonOr fastest delivery Today 5 PM - 10 PM",True,,,,,
B0B3S4883J,Vans Mens SeldanSneaker Leather Working Group,$70.00,,USD,4.6,4370,https://www.amazon.com/dp/B0B3S4883J,https://m.media-amazon.com/images/I/61ZV44N5ehL._AC_UL960_QL65_.jpg,1,$70.00,False,False,False,True,200+ bought in past month,"FREE delivery Wed, Jul 15Or fastest delivery Today 5 PM - 10 PM",True,,,,,
B0DM377C36,Brooks Men’s Adrenaline GTS 25 Supportive Running &amp; Walking Shoe,$154.95,,USD,4.6,1162,https://www.amazon.com/dp/B0DM377C36,https://m.media-amazon.com/images/I/71vPzLNGvBL._AC_UL960_QL65_.jpg,1,$154.95,False,False,False,False,100+ bought in past month,"FREE delivery Thu, Jul 16Or fastest delivery Tomorrow, Jul 11",True,,,,,
B09WJ5LXLN,HEAWISH Women&#x27;s Floral Ballet Flats for Women Black Beige Slip On Flowers PU Leather Round Toe Dress Shoes,$24.69,$25.99,USD,4.2,9656,https://www.amazon.com/dp/B09WJ5LXLN,https://m.media-amazon.com/images/I/71NBToNGoiL._AC_UL960_QL65_.jpg,1,$24.69,False,False,False,False,,"FREE delivery Wed, Jul 15 on $35 of items shipped by AmazonOr fastest delivery Today 5 PM - 10 PM",True,,,,,
B0BX3WHZ8R,Skechers Men&#x27;s Summits High Range Hands Free Slip-in Sneaker,$63.75,,USD,4.6,26375,https://www.amazon.com/dp/B0BX3WHZ8R,https://m.media-amazon.com/images/I/81GCJvTQGkL._AC_UL960_QL65_.jpg,1,$63.75,False,False,False,False,400+ bought in past month,"FREE delivery Wed, Jul 15Or fastest delivery Today 5 PM - 10 PM",True,,,,,
B0BM9LWC58,New Balance Women&#x27;s 327 Sneaker,$104.95,,USD,4.5,3650,https://www.amazon.com/dp/B0BM9LWC58,https://m.media-amazon.com/images/I/71tkrX9jl1L._AC_UL960_QL65_.jpg,1,$104.95,False,False,False,False,400+ bought in past month,"FREE delivery Wed, Jul 15Or fastest delivery Tomorrow, Jul 11",True,,,,,
B0CZ75N4PP,Goosecret Women&#x27;s Comfortable Arch Support Walking Platform Sandals,$18.98,$26.99,USD,4.3,3322,https://www.amazon.com/dp/B0CZ75N4PP,https://m.media-amazon.com/images/I/61l3YNTRtgL._AC_UL960_QL65_.jpg,1,$18.98,False,False,False,False,3K+ bought in past month,"FREE delivery Wed, Jul 15 on $35 of items shipped by AmazonOr fastest delivery Today 10 AM - 3 PM",True,Limited time deal,,,,
B0FN7LNCF3,Nike Nike Women&#x27;s Court Legacy Next Nature Shoes,$75.00,,USD,4.4,2872,https://www.amazon.com/dp/B0FN7LNCF3,https://m.media-amazon.com/images/I/61G9-y2jXkL._AC_UL960_QL65_.jpg,1,$75.00,False,False,False,False,100+ bought in past month,"FREE delivery Wed, Jul 15Or fastest delivery Tomorrow, Jul 11",True,,,,,
B0DM37GML1,Brooks Women’s Adrenaline GTS 25 Supportive Running &amp; Walking Shoe,$142.94,$154.95,USD,4.6,2136,https://www.amazon.com/dp/B0DM37GML1,https://m.media-amazon.com/images/I/71vPzLNGvBL._AC_UL960_QL65_.jpg,1,$142.94,False,False,False,False,200+ bought in past month,"FREE delivery Wed, Jul 15Or fastest delivery Tomorrow, Jul 11",True,,,,,
B0C2CC5MWK,WHITIN Men&#x27;s Zero Drop Running Shoes + Wide Toe Box,$42.99,$59.99,USD,4.3,3187,https://www.amazon.com/dp/B0C2CC5MWK,https://m.media-amazon.com/images/I/91jJU+CxOfL._AC_UL960_QL65_.jpg,1,$42.99,False,False,False,False,100+ bought in past month,"FREE delivery Wed, Jul 15Or fastest delivery Today 5 PM - 10 PM",True,Limited time deal,,,,
B0CGX3KN95,LN LENQIN Mens Watches Unisex Military Sport Nylon Strap Stylish Luminous Fashion Analog Quartz Watch for Men Waterproof Army Tactical Casual Wristwatch,$9.99,$29.99,USD,4.2,7450,https://www.amazon.com/dp/B0CGX3KN95,https://m.media-amazon.com/images/I/71UUjbESoFL._AC_UL960_QL65_.jpg,1,$9.99,False,False,False,False,3K+ bought in past month,"FREE delivery Wed, Jul 15 on $35 of items shipped by AmazonOr fastest delivery Today 10 AM - 3 PM",False,,,,,
B0FQF9ZX7P,"Apple Apple Watch Series 11 [GPS 42mm] Smartwatch with Rose Gold Aluminum Case with Light Blush Sport Band - S/M. Sleep Score, Fitness Tracker, Health Monitoring, Always-On Display, Water Resistant",$329.00,$399.00,USD,4.7,5843,https://www.amazon.com/dp/B0FQF9ZX7P,https://m.media-amazon.com/images/I/6110Jv9wqeL._AC_UL960_QL65_.jpg,1,$329.00,False,False,False,False,10K+ bought in past month,"FREE delivery Wed, Jul 15Or fastest delivery Today 10 AM - 3 PM",False,,,,,
B0FQF5BZ8Z,"Apple Apple Watch Series 11 [GPS 46mm] Smartwatch with Jet Black Aluminum Case with Black Sport Band - M/L. Sleep Score, Fitness Tracker, Health Monitoring, Always-On Display, Water Resistant",$359.00,$429.00,USD,4.7,5843,https://www.amazon.com/dp/B0FQF5BZ8Z,https://m.media-amazon.com/images/I/6129OfG4gfL._AC_UL960_QL65_.jpg,1,$359.00,False,False,False,False,10K+ bought in past month,"FREE delivery Wed, Jul 15Or fastest delivery Today 10 AM - 3 PM",False,,,,,
B0CT3GWP3G,GOLDEN HOUR Waterproof Sport Women&#x27;s Digital Chronograph Silicone Strap Watch,$17.99,,USD,4.3,3638,https://www.amazon.com/dp/B0CT3GWP3G,https://m.media-amazon.com/images/I/51okFuOgFRL._AC_UL960_QL65_.jpg,1,$17.99,False,False,False,False,1K+ bought in past month,"FREE delivery Wed, Jul 15 on $35 of items shipped by AmazonOr fastest delivery Today 5 PM - 10 PM",False,,,,,
B0GQZH4BZW,"DIVOAZBVO Smart Watch for Men, 1.39&quot; HD Touchscreen Smartwatch with 120 Sports Modes, Alexa Built-in, Heart Rate/Sleep Monitor, Bluetooth Call &amp; Music Control Fitness Watch for iPhone/Android",$19.99,$229.99,USD,4.2,17,https://www.amazon.com/dp/B0GQZH4BZW,https://m.media-amazon.com/images/I/71fJ1wZK-HL._AC_UL960_QL65_.jpg,1,$19.99,False,False,True,False,400+ bought in past month,"FREE delivery Wed, Jul 15 on $35 of items shipped by AmazonOr fastest delivery Today 5 PM - 10 PM",False,,,,,
B07WVWPPK8,SNE Digital Watch Sports Waterproof Military Back Light Small Watch for Men Black 1426,$16.99,,USD,4.2,2102,https://www.amazon.com/dp/B07WVWPPK8,https://m.media-amazon.com/images/I/7103K-BokKL._AC_UL960_QL65_.jpg,1,$16.99,False,False,False,False,2K+ bought in past month,"FREE delivery Wed, Jul 15 on $35 of items shipped by AmazonOr fastest delivery Tomorrow, Jul 11",False,,,,,
B0H1W21G3B,OLEVS Mens Watch Automatic Mechanical Luxury Dress Watches for Men Brown Black Leather Strap Waterproof Business Casual Self Winding Wristwatch Easy Read Day Mens Watches Relojes para Hombres,$98.77,,USD,5,8,https://www.amazon.com/dp/B0H1W21G3B,https://m.media-amazon.com/images/I/71hbXQT7GpL._AC_UL960_QL65_.jpg,1,$98.77,False,False,False,False,New on Amazon in past month,"FREE delivery Thu, Jul 16",False,,,,,
B0FNCSYN2W,"Women&#x27;s Analog Nurse Watch with Second Hand for Nursing, 12/24 Time, Silicone Band, Easy Read",$9.99,,USD,4.4,301,https://www.amazon.com/dp/B0FNCSYN2W,https://m.media-amazon.com/images/I/71PN1jmP2sL._AC_UL960_QL65_.jpg,1,$9.99,False,False,False,False,1K+ bought in past month,"FREE delivery Wed, Jul 15 on $35 of items shipped by AmazonOr fastest delivery Today 10 AM - 3 PM",False,,,,,
B0FQFL8PZ5,"Apple Apple Watch Series 11 [GPS 42mm] Smartwatch with Jet Black Aluminum Case with Black Sport Band - S/M. Sleep Score, Fitness Tracker, Health Monitoring, Always-On Display, Water Resistant",$329.00,$399.00,USD,4.7,5843,https://www.amazon.com/dp/B0FQFL8PZ5,https://m.media-amazon.com/images/I/6112sjA9ClL._AC_UL960_QL65_.jpg,1,$329.00,False,False,False,False,10K+ bought in past month,"FREE delivery Wed, Jul 15Or fastest delivery Today 10 AM - 3 PM",False,,,,,
B0H3YXQNKL,"KIPTUMTEK Smart Watch for Women Men, Fitness and Sleep Trackers with 1.83&quot; HD Touchscreen, Bluetooth Calling Smartwatch for Android/iOS, IP67 Waterproof Multi-Sport Modes Pedometer, Jet Black",$19.99,$129.99,USD,4.6,136,https://www.amazon.com/dp/B0H3YXQNKL,https://m.media-amazon.com/images/I/712bQdkCpaL._AC_UL960_QL65_.jpg,1,$19.99,False,False,True,False,2K+ bought in past month,"FREE delivery Wed, Jul 15 on $35 of items shipped by AmazonOr fastest delivery Tomorrow, Jul 11",False,,,,,
B0FQFNRH72,"Apple Apple Watch SE 3 [GPS 40mm] Smartwatch with Starlight Aluminum Case with Starlight Sport Band - S/M. Fitness and Sleep Trackers, Heart Rate Monitor, Always-On Display, Water Resistant",$239.00,,USD,4.7,3559,https://www.amazon.com/dp/B0FQFNRH72,https://m.media-amazon.com/images/I/61xkvg-RStL._AC_UL960_QL65_.jpg,1,$239.00,False,False,False,False,10K+ bought in past month,"FREE delivery Wed, Jul 15Or fastest delivery Today 10 AM - 3 PM",False,,,,,
B0FQFHVZYL,"Apple Apple Watch Ultra 3 [GPS + Cellular 49mm] Running &amp; Multisport Smartwatch w/Rugged Titanium Case w/Black Ocean Band. Satellite Communications, Advanced Health &amp; Fitness Tracking",$699.99,$799.00,USD,4.8,941,https://www.amazon.com/dp/B0FQFHVZYL,https://m.media-amazon.com/images/I/71pdSpwZJiL._AC_UL960_QL65_.jpg,1,$699.99,False,False,False,False,4K+ bought in past month,"FREE delivery Wed, Jul 15Or fastest delivery Today 10 AM - 3 PM",False,,,,,
B0DSBWB3V1,LN LENQIN Mens Watches Waterproof Stainless Steel Watch for Men Analog Quartz Fashion Business Designer Wristwatch,$9.99,$19.99,USD,4.2,2265,https://www.amazon.com/dp/B0DSBWB3V1,https://m.media-amazon.com/images/I/61JBtyyDPmL._AC_UL960_QL65_.jpg,1,$9.99,False,False,False,False,2K+ bought in past month,"FREE delivery Wed, Jul 15 on $35 of items shipped by AmazonOr fastest delivery Today 10 AM - 3 PM",False,,,,,
B0CGX3SBJF,HANPOSH Mens Digital Watch Ultra Thin Minimalist Sports Waterproof Outdoor LED Screen Large Face Wrist Watches for Men with Back Light Alarm Date Stopwatch,$9.99,$15.99,USD,3.9,3201,https://www.amazon.com/dp/B0CGX3SBJF,https://m.media-amazon.com/images/I/61CdX7OX-1L._AC_UL960_QL65_.jpg,1,$9.99,False,False,False,False,3K+ bought in past month,"FREE delivery Wed, Jul 15 on $35 of items shipped by AmazonOr fastest delivery Today 5 PM - 10 PM",False,,,,,
B0DP2KS5N7,"cicininc Nurse Watch for Women,Analog Nursing Watches with 12/24 Hour Military Time,Second Hand",$9.99,,USD,4.2,840,https://www.amazon.com/dp/B0DP2KS5N7,https://m.media-amazon.com/images/I/61+mBZe6q9L._AC_UL960_QL65_.jpg,1,$9.99,False,False,False,False,1K+ bought in past month,"FREE delivery Wed, Jul 15 on $35 of items shipped by AmazonOr fastest delivery Today 5 PM - 10 PM",False,,,,,
B07FFBHM7F,Timex Men&#x27;s Expedition Scout 40mm Watch,$43.04,,USD,4.3,30435,https://www.amazon.com/dp/B07FFBHM7F,https://m.media-amazon.com/images/I/61iEiiJdITL._AC_UL960_QL65_.jpg,1,$43.04,False,False,False,False,2K+ bought in past month,"FREE delivery Wed, Jul 15Or fastest delivery Today 10 AM - 3 PM",False,,,,,
B0D44WLHT9,GOLDEN HOUR Waterproof Sport Women&#x27;s Digital Chronograph Silicone Strap Watch,$17.99,,USD,4.3,3638,https://www.amazon.com/dp/B0D44WLHT9,https://m.media-amazon.com/images/I/61Ttve7NksL._AC_UL960_QL65_.jpg,1,$17.99,False,False,False,False,3K+ bought in past month,"FREE delivery Wed, Jul 15 on $35 of items shipped by AmazonOr fastest delivery Tomorrow, Jul 11",False,,,,,
B08VMTXZP1,Casio Illuminator AE1500WH Series | 10-Year Battery | LED Backlight | 5-Alarms | 1/100 Sec Stopwatch | Men&#x27;s Digital Watch,$31.96,$39.95,USD,4.6,23719,https://www.amazon.com/dp/B08VMTXZP1,https://m.media-amazon.com/images/I/61WfbAKTFDL._AC_UL960_QL65_.jpg,1,$31.96,False,False,False,False,1K+ bought in past month,"FREE delivery Wed, Jul 15 on $35 of items shipped by AmazonOr fastest delivery Today 10 AM - 3 PM",False,,,,,
B0H33HLK94,"TRAUSI TRAUSI 120+ Sports Modes Smartwatch for Women with Sleep Monitor, IP7 Waterproof, Music Control Watch for iPhone Pink",$18.99,$219.99,USD,3.5,35,https://www.amazon.com/dp/B0H33HLK94,https://m.media-amazon.com/images/I/61ohaM5h+IL._AC_UL960_QL65_.jpg,1,$18.99,False,False,True,False,2K+ bought in past month,"FREE delivery Wed, Jul 15 on $35 of items shipped by AmazonOr fastest delivery Sun, Jul 12",False,,,,,
B0798YG895,"CITIZEN Men&#x27;s Eco-Drive Weekender Watch in Stainless Steel with Blue Polyurethane Strap, Blue Dial (Model: AW1158-05L)",$223.95,,USD,4.6,1218,https://www.amazon.com/dp/B0798YG895,https://m.media-amazon.com/images/I/811oJ1ZwGsL._AC_UL960_QL65_.jpg,1,$223.95,False,False,False,False,200+ bought in past month,"FREE delivery Wed, Jul 15Or fastest delivery Today 5 PM - 10 PM",False,,,,,
B000GAWSDG,"Casio F91W Series | Digital Watch | Water Resistant | LED Light | 1/100 SEC Stopwatch | Regular Time Keeping (HR, Min, SEC, PM, Date, Day) | Daily Alarm | Lightweight | 7 Year Battery",$19.61,,USD,4.6,61085,https://www.amazon.com/dp/B000GAWSDG,https://m.media-amazon.com/images/I/51mu4w1lJwL._AC_UL960_QL65_.jpg,1,$19.61,False,False,False,False,6K+ bought in past month,FREE delivery Jul 31 - Aug 16 on $35 of items shipped by AmazonOr fastest delivery Jul 31 - Aug 13,False,,,,,
B0DXQ69Q81,"Gold Watches for Women with Vintage Rectangular Case,White Roman Dial,Stainless Steel Band,Adjustment Tool Included,Water Resistant",$25.99,$27.95,USD,4.6,765,https://www.amazon.com/dp/B0DXQ69Q81,https://m.media-amazon.com/images/I/61hBJsXJMML._AC_UL960_QL65_.jpg,1,$25.99,False,False,True,False,4K+ bought in past month,"FREE delivery Wed, Jul 15 on $35 of items shipped by AmazonOr fastest delivery Today 10 AM - 3 PM",False,,,,,
B0H33NBPDJ,"TRAUSI Smart Watch for Men, 120 Sports Modes Smartwatch with 1.83&quot; HD, Alexa Built-in, Heart Rate/Sleep Monitor, IP67 Waterproof, Bluetooth Call &amp; Music Control Fitness Watch for iPhone/Android (Black)",$19.99,$219.99,USD,5,33,https://www.amazon.com/dp/B0H33NBPDJ,https://m.media-amazon.com/images/I/71axzqwiBjL._AC_UL960_QL65_.jpg,1,$19.99,False,False,True,False,,"FREE delivery Wed, Jul 15Or fastest delivery Tomorrow, Jul 11",False,,,,,
B000GB1R7S,Casio CA53W Vintage Series | Data Bank | 1/100 SEC Stopwatch | Water Resistant | 8 Digit Calculator | Dual Time | Resin Band | Resin Case | Auto Calendar | Daily Alarm | 5 Year Battery,$29.92,$39.95,USD,4.6,25456,https://www.amazon.com/dp/B000GB1R7S,https://m.media-amazon.com/images/I/51o6GEopS7L._AC_UL960_QL65_.jpg,1,$29.92,False,False,False,False,2K+ bought in past month,"FREE delivery Wed, Jul 15 on $35 of items shipped by AmazonOr fastest delivery Today 10 AM - 3 PM",True,,,,,
B000GAYQJ0,"Casio A158WA Series | Unisex Digital Watch | Vintage | WR | 100 SEC Stop Watch | Daily Alarm | Regular Time Keeping: Hour, Minute, Second, PM, Date, Day | Led Light | 7 Yr Battery",$25.26,$29.95,USD,4.6,57760,https://www.amazon.com/dp/B000GAYQJ0,https://m.media-amazon.com/images/I/611typKnTvL._AC_UL960_QL65_.jpg,1,$25.26,False,False,False,False,10K+ bought in past month,FREE delivery Jul 16 - 22 on $35 of items shipped by AmazonOr fastest delivery Jul 16 - 20,False,,,,,
B072P1WLGL,Timex Men&#x27;s Easy Reader Watch,$47.92,,USD,4.6,12615,https://www.amazon.com/dp/B072P1WLGL,https://m.media-amazon.com/images/I/71KQezDixyL._AC_UL960_QL65_.jpg,1,$47.92,False,False,False,False,1K+ bought in past month,"FREE delivery Wed, Jul 15Or fastest delivery Overnight 4 AM - 8 AM",False,,,,,
B009KYJAJY,"Casio MDV106 Series | Unisex Analog Watch | 200M WR | Stainless Steel Case | Resin Band | 2 Hand Analog (HR, Min, SEC) | Date Display | Screw Down Crown/Screw Down Caseback | 3 Year Battery",$66.26,,USD,4.7,31532,https://www.amazon.com/dp/B009KYJAJY,https://m.media-amazon.com/images/I/61nHUVwR65L._AC_UL960_QL65_.jpg,1,$66.26,False,False,False,False,1K+ bought in past month,FREE deliveryUsually ships within 7 to 11 days,False,,,,,
B08VNR3NRW,Casio Illuminator AE1500WH Series | 10-Year Battery | LED Backlight | 5-Alarms | 1/100 Sec Stopwatch | Men&#x27;s Digital Watch,$23.97,$39.95,USD,4.6,23719,https://www.amazon.com/dp/B08VNR3NRW,https://m.media-amazon.com/images/I/61vAwF6wH0L._AC_UL960_QL65_.jpg,1,$23.97,False,False,False,False,2K+ bought in past month,"FREE delivery Wed, Jul 15 on $35 of items shipped by AmazonOr fastest delivery Sun, Jul 12",False,,,,,
B0BK23YLS4,Timex Men&#x27;s Expedition Digital CAT5 41mm Watch,$33.99,,USD,4.4,5621,https://www.amazon.com/dp/B0BK23YLS4,https://m.media-amazon.com/images/I/718nyRSccPL._AC_UL960_QL65_.jpg,1,$33.99,False,False,False,False,2K+ bought in past month,"FREE delivery Wed, Jul 15 on $35 of items shipped by AmazonOr fastest delivery Tomorrow, Jul 11",False,,,,,
B0F13BJHC4,"Small Gold Watches for Women,Analog Womens Watch with Stainless Steel Expansion Band,Oval Case Roman Dial,Water Resistant",$25.99,$27.95,USD,4.4,518,https://www.amazon.com/dp/B0F13BJHC4,https://m.media-amazon.com/images/I/61rYGCbAV7L._AC_UL960_QL65_.jpg,1,$25.99,False,False,True,False,2K+ bought in past month,"FREE delivery Wed, Jul 15 on $35 of items shipped by AmazonOr fastest delivery Today 5 PM - 10 PM",False,,,,,
B0CT3SGHXL,"Garmin Garmin Forerunner 165, Running Smartwatch, Colorful AMOLED Display, Training Metrics and Recovery Insights, Black",$204.99,$249.99,USD,4.7,4283,https://www.amazon.com/dp/B0CT3SGHXL,https://m.media-amazon.com/images/I/61m+fKy7wzL._AC_UL960_QL65_.jpg,1,$204.99,False,False,False,False,10K+ bought in past month,"FREE delivery Jul 17 - 19Or fastest delivery Fri, Jul 17",False,,,,,
B0CFDKRBWY,"TWOPTION Womens Waterproof Wrist Watch,Women&#x27;s Small Thin Analog Bracelet Quartz Watch Dainty Christmas Gifts",$9.99,,USD,4.3,1441,https://www.amazon.com/dp/B0CFDKRBWY,https://m.media-amazon.com/images/I/61EjBh+EjTL._AC_UL960_QL65_.jpg,1,$9.99,False,False,False,False,1K+ bought in past month,"FREE delivery Wed, Jul 15 on $35 of items shipped by AmazonOr fastest delivery Today 5 PM - 10 PM",False,,,,,
B004OMIJ0I,Rolex Submariner Date 116613LB,"$18,995.00",,USD,,0,https://www.amazon.com/dp/B004OMIJ0I,https://m.media-amazon.com/images/I/61voKOyaPFL._AC_UL960_QL65_.jpg,1,"$18,995.00",False,False,False,False,,"$20 delivery Jul 15 - 17Or fastest delivery Tomorrow, Jul 11",False,,,,,
B0DHRGZ85Q,LN LENQIN Mens Watches Unisex Military Sport Nylon Strap Stylish Luminous Fashion Analog Quartz Watch for Men Waterproof Army Tactical Casual Wristwatch,$9.99,$29.99,USD,4.2,7450,https://www.amazon.com/dp/B0DHRGZ85Q,https://m.media-amazon.com/images/I/71f3WkScyhL._AC_UL960_QL65_.jpg,1,$9.99,False,False,False,False,800+ bought in past month,"FREE delivery Wed, Jul 15 on $35 of items shipped by AmazonOr fastest delivery Tomorrow, Jul 11",False,,,,,
B06XYYF4BG,CITIZEN Citizen Men&#x27;s Eco-Drive Weekender Brycen Chronograph Watch in Stainless Steel,$425.00,,USD,4.6,4066,https://www.amazon.com/dp/B06XYYF4BG,https://m.media-amazon.com/images/I/81-K8IkjzVL._AC_UL960_QL65_.jpg,1,$425.00,False,False,False,False,1K+ bought in past month,"FREE delivery Wed, Jul 15Or fastest delivery Tomorrow, Jul 11",False,,,You pay $340.00 with coupon,,
B0F7QD4HSD,"Samsung Samsung Galaxy Watch 8 (2025) 40mm Bluetooth Smartwatch, Cushion Design, Fitness Tracker, Sleep Coaching, Running Coach, Energy Score, Heart Rate Tracking, Graphite [US Version, 2 Yr Warranty]",$289.99,$349.99,USD,4.5,1469,https://www.amazon.com/dp/B0F7QD4HSD,https://m.media-amazon.com/images/I/61IpkAmVjwL._AC_UL960_QL65_.jpg,1,$289.99,False,False,False,False,8K+ bought in past month,FREE delivery Jul 17 - 22Or fastest delivery Today 10 AM - 3 PM,False,Limited time deal,,,,
B074ZHN54C,"Fossil Men&#x27;s Watch, Neutra Quartz Stainless Steel Chronograph Watch for Men",$114.62,,USD,4.6,6654,https://www.amazon.com/dp/B074ZHN54C,https://m.media-amazon.com/images/I/713qy8eBfsL._AC_UL960_QL65_.jpg,1,$114.62,False,False,False,False,500+ bought in past month,"FREE delivery Wed, Jul 15Or fastest delivery Tomorrow, Jul 11",False,,,,,
B016R90VBK,"CITIZEN Promaster Dive Eco-Drive Watch, 3-Hand Date, ISO Certified, Luminous Hands and Markers, Rotating Bezel",$238.00,$395.00,USD,4.7,9043,https://www.amazon.com/dp/B016R90VBK,https://m.media-amazon.com/images/I/71nr0o7oZjS._AC_UL960_QL65_.jpg,1,$238.00,False,False,False,False,,"FREE delivery Wed, Jul 15Or fastest delivery Tomorrow, Jul 11",False,,,,,
B01AFTLZKY,"CITIZEN Citizen Quartz Mens Watch, Stainless Steel with Leather Strap, Casual Leather Working Group",$112.95,$150.00,USD,4.7,927,https://www.amazon.com/dp/B01AFTLZKY,https://m.media-amazon.com/images/I/51QNdgBYhcS._AC_UL960_QL65_.jpg,1,$112.95,False,False,False,True,400+ bought in past month,"FREE delivery Wed, Jul 15Or fastest delivery Today 5 PM - 10 PM",False,,,,,
B008T9QG7K,Timex Weekender 38mm Unisex Analog Watch | INDIGLO Backlight | Adjustable Durable Nylon Fabric Slip Through Strap | 24 Hour Time,$35.94,$47.75,USD,4.5,24262,https://www.amazon.com/dp/B008T9QG7K,https://m.media-amazon.com/images/I/81SDlwV95GL._AC_UL960_QL65_.jpg,1,$35.94,False,False,False,False,700+ bought in past month,"FREE delivery Wed, Jul 15Or fastest delivery Today 5 PM - 10 PM",False,Limited time deal,,,,
B00AFTTQ8I,"Fossil Men&#x27;s Watch, Grant Quartz Stainless Steel Chronograph Watch for Men",$108.00,$180.00,USD,4.7,21201,https://www.amazon.com/dp/B00AFTTQ8I,https://m.media-amazon.com/images/I/713EyiqlnTL._AC_UL960_QL65_.jpg,1,$108.00,False,False,False,False,500+ bought in past month,"FREE delivery Wed, Jul 15Or fastest delivery Today 5 PM - 10 PM",False,,,,,
B000N021DQ,Rolex Oyster Perpetual Explorer II Steel Mens Watch 16570,"$14,995.00",,USD,4.6,5,https://www.amazon.com/dp/B000N021DQ,https://m.media-amazon.com/images/I/71JkPZyThFL._AC_UL960_QL65_.jpg,1,"$14,995.00",False,False,False,False,,"$20 delivery Jul 15 - 17Or fastest delivery Tomorrow, Jul 11Only 4 left in stock - order soon.",False,,Only 4 left in stock - order soon.,,,
B0H69BV77T,"DIVOAZBVO Smart Watch for Men, 120+ Sports Modes Smartwatch with 1.83&quot; HD Touchsreen, Sleep Monitor, IP67 Waterproof, Bluetooth Call &amp; Music Control Fitness Watch for iPhone/Android Black",$19.99,$209.99,USD,5,14,https://www.amazon.com/dp/B0H69BV77T,https://m.media-amazon.com/images/I/61ksfgvczvL._AC_UL960_QL65_.jpg,1,$19.99,False,False,True,False,New on Amazon in past month,"FREE delivery Wed, Jul 15 on $35 of items shipped by AmazonOr fastest delivery Tomorrow, Jul 11",False,,,,,
B079MGVL1T,"CITIZEN Quartz Mens Watch, Stainless Steel, Classic",$135.00,$230.00,USD,4.7,1478,https://www.amazon.com/dp/B079MGVL1T,https://m.media-amazon.com/images/I/71EkmrFl5jL._AC_UL960_QL65_.jpg,1,$135.00,False,False,False,False,200+ bought in past month,"FREE delivery Wed, Jul 15Or fastest delivery Today 5 PM - 10 PM",False,,,,,
B0FSKL8NH1,"aeac Smart Watch for Women, 1.85&quot; HD Smartwatch Compatible iPhone/Samsung/Android (Answer/Make Calls), 100+ Sport Modes Fitness Tracker with Heart Rate/Sleep/SpO2 Monitor, IP68 Waterproof, with 2 Bands ClimeCo Certified",$64.98,,USD,4.3,2839,https://www.amazon.com/dp/B0FSKL8NH1,https://m.media-amazon.com/images/I/51KMaHdvJIL._AC_UL960_QL65_.jpg,1,$64.98,False,False,False,True,6K+ bought in past month,"FREE delivery Wed, Jul 15Or fastest delivery Today 10 AM - 3 PM",False,,,You pay $47.43 with coupon,,
B00LMN7BXI,"Bulova Men&#x27;s Classic 3-Hand Automatic Leather Strap Watch, 21-Jewels, Hack Feature, Luminous Hands and Markers,Open Aperture and Exhibition Case Back",$443.54,$575.00,USD,4.4,578,https://www.amazon.com/dp/B00LMN7BXI,https://m.media-amazon.com/images/I/71G71pkK29S._AC_UL960_QL65_.jpg,1,$443.54,False,False,False,False,,"FREE delivery Wed, Jul 15Or fastest delivery Today 5 PM - 10 PM",False,,,,,
B0BJ11TT42,Armitron Sport Women&#x27;s Digital Chronograph Resin Strap Watch,$21.30,$25.00,USD,4.5,3078,https://www.amazon.com/dp/B0BJ11TT42,https://m.media-amazon.com/images/I/717edOuFxPL._AC_UL960_QL65_.jpg,1,$21.30,False,False,False,False,,"FREE delivery Wed, Jul 15 on $35 of items shipped by AmazonOr fastest delivery Today 5 PM - 10 PM",False,,,,,
B008FG6ZRI,CITIZEN Men&#x27;s Classic Quartz Watch,$123.95,$160.00,USD,4.6,2676,https://www.amazon.com/dp/B008FG6ZRI,https://m.media-amazon.com/images/I/81YJMXUexJL._AC_UL960_QL65_.jpg,1,$123.95,False,False,False,False,500+ bought in past month,"FREE delivery Wed, Jul 15Or fastest delivery Today 5 PM - 10 PM",False,,,,,
